{
  "images": [{
      "image": "starbucks.jpg",
      "name": "starbucks",
      "uid": "common-0f082c06-67ae-4fe2-babf-c92e979887b3",
      "resources": [{
        "type": "video",
        "loop": true,
        "link": "resources/starbucks.mp4"
      }]
    },
    {
      "image": "tesla1.jpeg",
      "name": "tesla1",
      "uid": "common-467a4ee3-db6c-40fb-bf74-1b8f1d3b8307",
      "resources": [{
        "type": "video",
        "link": "resources/tesla.mp4"
      }]
    },
    {
      "image": "tesla2.jpg",
      "name": "tesla2",
      "uid": "common-ebdf3146-ae41-41ba-ba89-4641dc2aa354",
      "resources": [{
        "type": "video",
        "link": "resources/tesla.mp4"
      }]
    },
    {
      "image": "tesla3.jpg",
      "name": "tesla3",
      "uid": "common-5abba334-7552-419c-b182-bac9b689bfbd",
      "resources": [{
        "type": "video",
        "link": "https://www.youtube.com/watch?v=cYocn_SzVhA"
      }]
    }
  ]
}