{
  "images": [{
      "image": "honda_civic.jpg",
      "name": "honda_civic",
      "uid": "common-7cbfa04c-4396-4342-9bd4-e2c8efc63516",
      "resources": [{
        "type": "video",
        "link": "resources/honda_civic.mp4"
      }]
    },
    {
      "image": "karizma_zmr.jpg",
      "name": "karizma_zmr",
      "uid": "common-3f236693-2c08-4731-bb84-8e8774e42698",
      "resources": [{
        "type": "video",
        "link": "resources/karizma_ZMR.mp4"
      }]
    },
    {
      "image": "pepsi.jpg",
      "name": "pepsi",
      "uid": "common-9201b1db-1fbb-46e1-919b-f776c4889e17",
      "resources": [{
        "type": "video",
        "link": "resources/pepsi.mp4"
      }]
    }
  ]
}